label_id,label,support,predicted_support,tp,fp,fn,tn,precision,recall,f1
0,admiration,17,0,0,0,17,239,0.0,0.0,0.0
1,amusement,8,0,0,0,8,248,0.0,0.0,0.0
2,anger,6,0,0,0,6,250,0.0,0.0,0.0
3,annoyance,11,0,0,0,11,245,0.0,0.0,0.0
4,approval,20,0,0,0,20,236,0.0,0.0,0.0
5,caring,10,0,0,0,10,246,0.0,0.0,0.0
6,confusion,8,0,0,0,8,248,0.0,0.0,0.0
7,curiosity,9,0,0,0,9,247,0.0,0.0,0.0
8,desire,3,0,0,0,3,253,0.0,0.0,0.0
9,disappointment,6,0,0,0,6,250,0.0,0.0,0.0
10,disapproval,18,0,0,0,18,238,0.0,0.0,0.0
11,disgust,7,0,0,0,7,249,0.0,0.0,0.0
12,embarrassment,1,0,0,0,1,255,0.0,0.0,0.0
13,excitement,2,0,0,0,2,254,0.0,0.0,0.0
14,fear,7,0,0,0,7,249,0.0,0.0,0.0
15,gratitude,22,0,0,0,22,234,0.0,0.0,0.0
16,grief,1,0,0,0,1,255,0.0,0.0,0.0
17,joy,12,0,0,0,12,244,0.0,0.0,0.0
18,love,14,0,0,0,14,242,0.0,0.0,0.0
19,nervousness,0,0,0,0,0,256,0.0,0.0,0.0
20,optimism,19,0,0,0,19,237,0.0,0.0,0.0
21,pride,0,0,0,0,0,256,0.0,0.0,0.0
22,realization,0,0,0,0,0,256,0.0,0.0,0.0
23,relief,1,0,0,0,1,255,0.0,0.0,0.0
24,remorse,2,0,0,0,2,254,0.0,0.0,0.0
25,sadness,4,0,0,0,4,252,0.0,0.0,0.0
26,surprise,2,0,0,0,2,254,0.0,0.0,0.0
27,neutral,86,0,0,0,86,170,0.0,0.0,0.0
