group,seed,id,text,true_labels,predicted_labels,missed_labels,extra_labels,threshold
FN_va_FP_cung_cau,123,eczg2g7,I'm in the Central Time Zone in the US so I have some time to go. But Happy New Year to you man!,['neutral'],['joy'],['neutral'],['joy'],0.5
FN_va_FP_cung_cau,123,eczh1pf,[NAME] speed!,['admiration'],['neutral'],['admiration'],['neutral'],0.5
FN_va_FP_cung_cau,123,eczj0in,Kinda let down tbh,"['annoyance', 'disappointment']",['neutral'],"['annoyance', 'disappointment']",['neutral'],0.5
FN_va_FP_cung_cau,123,eczkvpy,"i used that as an example, and i also said it would be very difficult. this is hypothetical there’s no need to be rude.","['annoyance', 'disapproval']",['neutral'],"['annoyance', 'disapproval']",['neutral'],0.5
FN_va_FP_cung_cau,123,eczlg58,Very interesting prediction!,['optimism'],['admiration'],['optimism'],['admiration'],0.5
FN_va_FP_cung_cau,123,eczoqfx,Me too :D,['approval'],['neutral'],['approval'],['neutral'],0.5
FN_va_FP_cung_cau,123,eczpeok,"Hang on to that feeling brother, it gets easier :) ",['caring'],['neutral'],['caring'],['neutral'],0.5
FN_va_FP_cung_cau,123,eczqguq,Woot! Happy New Year!,['joy'],['excitement'],['joy'],['excitement'],0.5
FN_va_FP_cung_cau,123,eczu82a,Our o-line was great outside of 2 games this year. My [NAME] did you even watch or pay attention to this team this year?,['surprise'],['admiration'],['surprise'],['admiration'],0.5
FN_va_FP_cung_cau,123,eczuvim,6 and he died of cancer iirc,['grief'],['sadness'],['grief'],['sadness'],0.5
FN_va_FP_cung_cau,123,eczvoxz,The treatment is a series of injections. I’ve had them. It’s not significantly more unpleasant than the flu vaccine.,['disapproval'],['neutral'],['disapproval'],['neutral'],0.5
FN_va_FP_cung_cau,123,eczvsr7,"No, this sub adores puig lol",['neutral'],['amusement'],['neutral'],['amusement'],0.5
thieu_mot_phan_nhan_that,123,eczdu8p,"Oooh yes, great idea. Too bad there aren't any other duplicate names","['admiration', 'disapproval']",['admiration'],['disapproval'],[],0.5
thieu_mot_phan_nhan_that,123,eczfzzk,I drove off 170 onto 40 and was surprised by the lack of brakelights.... keep it closed haha,"['amusement', 'surprise']",['surprise'],['amusement'],[],0.5
thieu_mot_phan_nhan_that,123,eczhjuj," it sounds like you're setting up for a good 2019 keep the boundaries going, and I hope the surgery has no complications and everything heals up fast!!","['approval', 'optimism']",['optimism'],['approval'],[],0.5
thieu_mot_phan_nhan_that,123,ecznhuy,The Nashville Design is just a placeholder. The actual plans have yet to been finalized.,"['optimism', 'neutral']",['neutral'],['optimism'],[],0.5
thieu_mot_phan_nhan_that,123,eczpwbu,I’m going to be laughing for the next hour!,"['amusement', 'optimism']",['amusement'],['optimism'],[],0.5
thieu_mot_phan_nhan_that,123,eczscmq,"Not sure about OP, but caffeine tends to make many people more anxious (especially those with a co-morbid anxiety disorder(s)).","['nervousness', 'neutral']",['neutral'],['nervousness'],[],0.5
thieu_mot_phan_nhan_that,123,eczt6nu,No but I've been totally been meaning to I fricking love [NAME]!,"['disapproval', 'love']",['love'],['disapproval'],[],0.5
thieu_mot_phan_nhan_that,123,ecztw5u,Sorry for your losses. Keep up the awesome work. Your son will remember your efforts and hopefully be part of your life soon,"['admiration', 'optimism', 'remorse']",['optimism'],"['admiration', 'remorse']",[],0.5
thieu_mot_phan_nhan_that,123,eczwfjj,"That sounds great, I *love* Rogue One. It's also the movie that's perfectly safe for TLJ fans to despise.","['admiration', 'love']",['admiration'],['love'],[],0.5
thieu_mot_phan_nhan_that,123,eczwm5z,Happy New Year! Looks like you had a great time there! Cheers! Here’s to a great 2019 hopefully in both baseball and life!,"['gratitude', 'optimism']",['optimism'],['gratitude'],[],0.5
thieu_mot_phan_nhan_that,123,ed011w9,So shocking a couple in their 20s in counseling isn’t going to work out.,"['disapproval', 'surprise']",['surprise'],['disapproval'],[],0.5
thieu_mot_phan_nhan_that,123,ed01rse,Thanks for the kind words but some things are in fact permanent. Still I appreciate your reply. Thank you.,"['admiration', 'gratitude']",['gratitude'],['admiration'],[],0.5
sai_nhan_hiem_hoac_neutral,123,eczdhfb,"You still look cranky, goodnight.",['neutral'],[],['neutral'],[],0.5
sai_nhan_hiem_hoac_neutral,123,eczg2g7,I'm in the Central Time Zone in the US so I have some time to go. But Happy New Year to you man!,['neutral'],['joy'],['neutral'],['joy'],0.5
sai_nhan_hiem_hoac_neutral,123,eczh1pf,[NAME] speed!,['admiration'],['neutral'],['admiration'],['neutral'],0.5
sai_nhan_hiem_hoac_neutral,123,eczh8ym,"same, I didn't want to stress and try the impossible (winning 23 ranked matches in a day... oof)",['neutral'],[],['neutral'],[],0.5
sai_nhan_hiem_hoac_neutral,123,eczj0in,Kinda let down tbh,"['annoyance', 'disappointment']",['neutral'],"['annoyance', 'disappointment']",['neutral'],0.5
sai_nhan_hiem_hoac_neutral,123,eczji6u,There’s really no rationalizing their train of thought.,['neutral'],[],['neutral'],[],0.5
sai_nhan_hiem_hoac_neutral,123,eczkvpy,"i used that as an example, and i also said it would be very difficult. this is hypothetical there’s no need to be rude.","['annoyance', 'disapproval']",['neutral'],"['annoyance', 'disapproval']",['neutral'],0.5
sai_nhan_hiem_hoac_neutral,123,eczoqfx,Me too :D,['approval'],['neutral'],['approval'],['neutral'],0.5
sai_nhan_hiem_hoac_neutral,123,eczpa27,cultural norms is an interesting way of classifying the sort of people I see doing ~100% of littering in NYC.,['neutral'],[],['neutral'],[],0.5
sai_nhan_hiem_hoac_neutral,123,eczpeok,"Hang on to that feeling brother, it gets easier :) ",['caring'],['neutral'],['caring'],['neutral'],0.5
sai_nhan_hiem_hoac_neutral,123,eczscmq,"Not sure about OP, but caffeine tends to make many people more anxious (especially those with a co-morbid anxiety disorder(s)).","['nervousness', 'neutral']",['neutral'],['nervousness'],[],0.5
sai_nhan_hiem_hoac_neutral,123,eczuvim,6 and he died of cancer iirc,['grief'],['sadness'],['grief'],['sadness'],0.5
