missed_label,extra_label,count,missed_label_total_fn,fraction_of_fn,example_row
approval,neutral,87,312,0.27884615384615385,106
disapproval,neutral,71,241,0.2946058091286307,22
annoyance,neutral,53,266,0.19924812030075187,197
neutral,curiosity,45,711,0.06329113924050633,0
realization,neutral,32,113,0.2831858407079646,62
neutral,approval,29,711,0.040787623066104076,279
caring,neutral,27,109,0.24770642201834864,498
curiosity,neutral,27,155,0.17419354838709677,186
neutral,amusement,27,711,0.0379746835443038,1185
neutral,admiration,26,711,0.03656821378340366,18
neutral,disapproval,26,711,0.03656821378340366,71
disappointment,neutral,24,158,0.1518987341772152,20
neutral,anger,21,711,0.029535864978902954,24
optimism,neutral,21,108,0.19444444444444445,4
admiration,love,19,140,0.1357142857142857,67
confusion,neutral,19,114,0.16666666666666666,77
neutral,love,19,711,0.026722925457102673,491
anger,neutral,18,122,0.14754098360655737,91
annoyance,anger,18,266,0.06766917293233082,399
approval,admiration,16,312,0.05128205128205128,52
neutral,surprise,16,711,0.02250351617440225,190
excitement,neutral,14,81,0.1728395061728395,245
neutral,caring,14,711,0.01969057665260197,570
neutral,confusion,14,711,0.01969057665260197,793
confusion,curiosity,13,114,0.11403508771929824,224
disappointment,sadness,13,158,0.08227848101265822,256
joy,admiration,12,88,0.13636363636363635,169
joy,love,11,88,0.125,67
neutral,joy,11,711,0.015471167369901548,345
admiration,neutral,10,140,0.07142857142857142,577
pride,admiration,10,15,0.6666666666666666,272
anger,annoyance,9,122,0.07377049180327869,6
approval,caring,9,312,0.028846153846153848,145
approval,love,9,312,0.028846153846153848,1672
gratitude,joy,9,43,0.20930232558139536,1585
sadness,neutral,9,80,0.1125,226
approval,amusement,8,312,0.02564102564102564,1339
disgust,neutral,8,71,0.11267605633802817,484
joy,amusement,8,88,0.09090909090909091,1632
neutral,sadness,8,711,0.011251758087201125,54
sadness,remorse,8,80,0.1,2078
surprise,neutral,8,64,0.125,538
admiration,surprise,7,140,0.05,1183
amusement,neutral,7,58,0.1206896551724138,1622
caring,optimism,7,109,0.06422018348623854,138
desire,neutral,7,45,0.15555555555555556,274
desire,optimism,7,45,0.15555555555555556,48
disapproval,annoyance,7,241,0.029045643153526972,213
excitement,admiration,7,81,0.08641975308641975,153
love,admiration,7,48,0.14583333333333334,1048
neutral,optimism,7,711,0.009845288326300985,63
admiration,amusement,6,140,0.04285714285714286,688
annoyance,disgust,6,266,0.022556390977443608,1430
excitement,love,6,81,0.07407407407407407,376
excitement,surprise,6,81,0.07407407407407407,1195
neutral,gratitude,6,711,0.008438818565400843,993
annoyance,amusement,5,266,0.018796992481203006,1846
caring,sadness,5,109,0.045871559633027525,2394
disapproval,admiration,5,241,0.02074688796680498,9
disapproval,amusement,5,241,0.02074688796680498,852
disapproval,anger,5,241,0.02074688796680498,648
excitement,gratitude,5,81,0.06172839506172839,272
excitement,joy,5,81,0.06172839506172839,55
fear,neutral,5,46,0.10869565217391304,344
gratitude,admiration,5,43,0.11627906976744186,283
love,neutral,5,48,0.10416666666666667,1691
neutral,annoyance,5,711,0.007032348804500703,713
admiration,joy,4,140,0.02857142857142857,1719
amusement,joy,4,58,0.06896551724137931,92
amusement,surprise,4,58,0.06896551724137931,1575
annoyance,curiosity,4,266,0.015037593984962405,1506
disappointment,disapproval,4,158,0.02531645569620253,4919
grief,sadness,4,13,0.3076923076923077,12
joy,excitement,4,88,0.045454545454545456,159
neutral,disappointment,4,711,0.005625879043600563,458
neutral,fear,4,711,0.005625879043600563,2123
optimism,approval,4,108,0.037037037037037035,636
remorse,sadness,4,28,0.14285714285714285,51
surprise,admiration,4,64,0.0625,3302
admiration,approval,3,140,0.02142857142857143,21
amusement,curiosity,3,58,0.05172413793103448,38
amusement,love,3,58,0.05172413793103448,65
annoyance,admiration,3,266,0.011278195488721804,625
annoyance,disapproval,3,266,0.011278195488721804,71
approval,disapproval,3,312,0.009615384615384616,953
approval,optimism,3,312,0.009615384615384616,691
approval,sadness,3,312,0.009615384615384616,237
approval,surprise,3,312,0.009615384615384616,180
curiosity,surprise,3,155,0.01935483870967742,163
disappointment,admiration,3,158,0.0189873417721519,2071
disapproval,approval,3,241,0.012448132780082987,636
joy,neutral,3,88,0.03409090909090909,963
neutral,remorse,3,711,0.004219409282700422,546
optimism,amusement,3,108,0.027777777777777776,2142
optimism,caring,3,108,0.027777777777777776,145
optimism,desire,3,108,0.027777777777777776,3370
realization,disapproval,3,113,0.02654867256637168,3690
remorse,neutral,3,28,0.10714285714285714,684
admiration,caring,2,140,0.014285714285714285,4300
admiration,curiosity,2,140,0.014285714285714285,4238
admiration,gratitude,2,140,0.014285714285714285,1990
amusement,admiration,2,58,0.034482758620689655,1368
amusement,annoyance,2,58,0.034482758620689655,1551
anger,disgust,2,122,0.01639344262295082,1707
annoyance,desire,2,266,0.007518796992481203,2340
annoyance,sadness,2,266,0.007518796992481203,3615
approval,anger,2,312,0.00641025641025641,4566
approval,desire,2,312,0.00641025641025641,3457
approval,joy,2,312,0.00641025641025641,2147
caring,admiration,2,109,0.01834862385321101,540
curiosity,admiration,2,155,0.012903225806451613,2956
curiosity,confusion,2,155,0.012903225806451613,43
curiosity,fear,2,155,0.012903225806451613,3023
curiosity,love,2,155,0.012903225806451613,2673
curiosity,remorse,2,155,0.012903225806451613,2971
curiosity,sadness,2,155,0.012903225806451613,2971
disappointment,amusement,2,158,0.012658227848101266,529
disappointment,anger,2,158,0.012658227848101266,210
disappointment,disgust,2,158,0.012658227848101266,204
disappointment,fear,2,158,0.012658227848101266,1471
disappointment,surprise,2,158,0.012658227848101266,4090
disapproval,confusion,2,241,0.008298755186721992,442
disapproval,disgust,2,241,0.008298755186721992,3115
disapproval,surprise,2,241,0.008298755186721992,88
disgust,annoyance,2,71,0.028169014084507043,1020
disgust,love,2,71,0.028169014084507043,558
embarrassment,neutral,2,26,0.07692307692307693,1424
gratitude,optimism,2,43,0.046511627906976744,2615
joy,gratitude,2,88,0.022727272727272728,2997
joy,optimism,2,88,0.022727272727272728,2492
love,joy,2,48,0.041666666666666664,2323
nervousness,fear,2,21,0.09523809523809523,1550
nervousness,neutral,2,21,0.09523809523809523,3527
neutral,disgust,2,711,0.0028129395218002813,2763
optimism,admiration,2,108,0.018518518518518517,560
optimism,curiosity,2,108,0.018518518518518517,1300
pride,gratitude,2,15,0.13333333333333333,272
realization,approval,2,113,0.017699115044247787,2062
realization,sadness,2,113,0.017699115044247787,256
realization,surprise,2,113,0.017699115044247787,4183
relief,neutral,2,18,0.1111111111111111,2562
sadness,admiration,2,80,0.025,527
sadness,optimism,2,80,0.025,1856
surprise,amusement,2,64,0.03125,3520
surprise,anger,2,64,0.03125,426
surprise,curiosity,2,64,0.03125,1596
admiration,anger,1,140,0.007142857142857143,2248
admiration,annoyance,1,140,0.007142857142857143,2248
admiration,disgust,1,140,0.007142857142857143,204
admiration,excitement,1,140,0.007142857142857143,2261
admiration,sadness,1,140,0.007142857142857143,547
anger,amusement,1,122,0.00819672131147541,4979
anger,curiosity,1,122,0.00819672131147541,2786
anger,disappointment,1,122,0.00819672131147541,1079
annoyance,approval,1,266,0.0037593984962406013,2236
annoyance,caring,1,266,0.0037593984962406013,4323
annoyance,fear,1,266,0.0037593984962406013,3385
annoyance,gratitude,1,266,0.0037593984962406013,4473
annoyance,love,1,266,0.0037593984962406013,2682
annoyance,surprise,1,266,0.0037593984962406013,3427
approval,annoyance,1,312,0.003205128205128205,4982
approval,confusion,1,312,0.003205128205128205,2431
approval,curiosity,1,312,0.003205128205128205,4238
approval,disappointment,1,312,0.003205128205128205,4577
approval,embarrassment,1,312,0.003205128205128205,2828
approval,gratitude,1,312,0.003205128205128205,4858
approval,remorse,1,312,0.003205128205128205,2024
caring,confusion,1,109,0.009174311926605505,2039
caring,curiosity,1,109,0.009174311926605505,3996
caring,fear,1,109,0.009174311926605505,3800
caring,love,1,109,0.009174311926605505,1711
confusion,admiration,1,114,0.008771929824561403,4736
confusion,amusement,1,114,0.008771929824561403,1502
confusion,anger,1,114,0.008771929824561403,4613
confusion,approval,1,114,0.008771929824561403,1314
confusion,surprise,1,114,0.008771929824561403,4184
curiosity,amusement,1,155,0.0064516129032258064,3738
curiosity,anger,1,155,0.0064516129032258064,4613
curiosity,annoyance,1,155,0.0064516129032258064,1918
curiosity,excitement,1,155,0.0064516129032258064,4086
curiosity,gratitude,1,155,0.0064516129032258064,731
curiosity,joy,1,155,0.0064516129032258064,4202
desire,amusement,1,45,0.022222222222222223,225
desire,disapproval,1,45,0.022222222222222223,3843
desire,love,1,45,0.022222222222222223,3975
desire,realization,1,45,0.022222222222222223,2381
desire,surprise,1,45,0.022222222222222223,2330
disappointment,annoyance,1,158,0.006329113924050633,2168
disappointment,curiosity,1,158,0.006329113924050633,408
disappointment,desire,1,158,0.006329113924050633,2176
disappointment,joy,1,158,0.006329113924050633,2179
disappointment,love,1,158,0.006329113924050633,4534
disapproval,gratitude,1,241,0.004149377593360996,5077
disapproval,optimism,1,241,0.004149377593360996,262
disapproval,remorse,1,241,0.004149377593360996,3263
disgust,admiration,1,71,0.014084507042253521,420
disgust,amusement,1,71,0.014084507042253521,4979
disgust,anger,1,71,0.014084507042253521,2274
disgust,joy,1,71,0.014084507042253521,4031
disgust,sadness,1,71,0.014084507042253521,2279
embarrassment,admiration,1,26,0.038461538461538464,5156
embarrassment,approval,1,26,0.038461538461538464,2964
embarrassment,disgust,1,26,0.038461538461538464,3134
embarrassment,gratitude,1,26,0.038461538461538464,5156
embarrassment,optimism,1,26,0.038461538461538464,2424
fear,sadness,1,46,0.021739130434782608,2279
gratitude,approval,1,43,0.023255813953488372,2527
gratitude,curiosity,1,43,0.023255813953488372,3051
gratitude,fear,1,43,0.023255813953488372,1161
gratitude,love,1,43,0.023255813953488372,1815
gratitude,remorse,1,43,0.023255813953488372,5385
gratitude,sadness,1,43,0.023255813953488372,2048
gratitude,surprise,1,43,0.023255813953488372,3084
grief,admiration,1,13,0.07692307692307693,5286
grief,joy,1,13,0.07692307692307693,4572
grief,neutral,1,13,0.07692307692307693,4322
joy,annoyance,1,88,0.011363636363636364,5201
joy,approval,1,88,0.011363636363636364,4463
joy,caring,1,88,0.011363636363636364,2511
joy,disappointment,1,88,0.011363636363636364,30
love,amusement,1,48,0.020833333333333332,3288
love,curiosity,1,48,0.020833333333333332,4238
love,desire,1,48,0.020833333333333332,234
love,excitement,1,48,0.020833333333333332,4615
love,sadness,1,48,0.020833333333333332,3300
nervousness,admiration,1,21,0.047619047619047616,628
neutral,desire,1,711,0.0014064697609001407,1448
neutral,embarrassment,1,711,0.0014064697609001407,4831
neutral,excitement,1,711,0.0014064697609001407,2413
optimism,disapproval,1,108,0.009259259259259259,4358
optimism,gratitude,1,108,0.009259259259259259,2678
optimism,love,1,108,0.009259259259259259,2996
optimism,sadness,1,108,0.009259259259259259,4164
pride,neutral,1,15,0.06666666666666667,450
realization,admiration,1,113,0.008849557522123894,2321
realization,amusement,1,113,0.008849557522123894,688
realization,anger,1,113,0.008849557522123894,889
realization,confusion,1,113,0.008849557522123894,4952
realization,fear,1,113,0.008849557522123894,276
realization,remorse,1,113,0.008849557522123894,5133
relief,admiration,1,18,0.05555555555555555,2053
relief,amusement,1,18,0.05555555555555555,2474
relief,caring,1,18,0.05555555555555555,4514
relief,gratitude,1,18,0.05555555555555555,2474
relief,joy,1,18,0.05555555555555555,2762
relief,sadness,1,18,0.05555555555555555,112
sadness,amusement,1,80,0.0125,2142
sadness,annoyance,1,80,0.0125,1832
sadness,disappointment,1,80,0.0125,3137
sadness,embarrassment,1,80,0.0125,2728
sadness,gratitude,1,80,0.0125,5282
surprise,excitement,1,64,0.015625,1145
