seed,group,n_samples,n_validation,note
42,FN_va_FP_cung_cau,1167,5426,Groups may overlap; counts are not additive
42,thieu_mot_phan_nhan_that,458,5426,Groups may overlap; counts are not additive
42,sai_nhan_hiem_hoac_neutral,1255,5426,Groups may overlap; counts are not additive
123,FN_va_FP_cung_cau,1168,5426,Groups may overlap; counts are not additive
123,thieu_mot_phan_nhan_that,480,5426,Groups may overlap; counts are not additive
123,sai_nhan_hiem_hoac_neutral,1218,5426,Groups may overlap; counts are not additive
2026,FN_va_FP_cung_cau,1184,5426,Groups may overlap; counts are not additive
2026,thieu_mot_phan_nhan_that,463,5426,Groups may overlap; counts are not additive
2026,sai_nhan_hiem_hoac_neutral,1224,5426,Groups may overlap; counts are not additive
