seed,epoch,train_loss,validation_macro_f1,validation_micro_f1,epoch_train_and_eval_seconds
42,1,0.16307109896607647,0.2633451983791713,0.5125,491.59497829999964
42,2,0.08582843270026658,0.3729516094323057,0.5545796737766625,454.45036080000136
42,3,0.07579402266685122,0.4032560966773751,0.5689347724073205,464.3019999999997
123,1,0.16274270334158095,0.26910652234560933,0.507444296128966,452.9043079000112
123,2,0.08629430784223624,0.3862961681153677,0.5642917967641214,466.95836420000705
123,3,0.07622411127132057,0.4113253375239666,0.5761762509335325,457.801855800004
2026,1,0.16180661549919131,0.2431922669025595,0.51880988401412,648.3827680999966
2026,2,0.08602075936181346,0.38236831003259064,0.5638918092325337,642.6385491999972
2026,3,0.07592156317477208,0.40366958090079275,0.5737200410332929,664.3720906999952
