label,mode,train_support,validation_support,f1_mean,f1_std,precision_mean,recall_mean
embarrassment,fixed_0.5,303,35,0.3345106943626832,0.05631891648496816,0.7146464646464646,0.21904761904761905
grief,fixed_0.5,77,13,0.0,0.0,0.0,0.0
nervousness,fixed_0.5,164,21,0.0,0.0,0.0,0.0
pride,fixed_0.5,111,15,0.0,0.0,0.0,0.0
relief,fixed_0.5,153,18,0.0,0.0,0.0,0.0
embarrassment,per_label_tuned_on_validation,303,35,0.5467304625199362,0.014078517697425158,0.7057575757575757,0.4476190476190476
grief,per_label_tuned_on_validation,77,13,0.0,0.0,0.0,0.0
nervousness,per_label_tuned_on_validation,164,21,0.38556946929039954,0.013977930673939534,0.5795454545454546,0.34920634920634913
pride,per_label_tuned_on_validation,111,15,0.5945165945165946,0.06381917572148917,0.9153439153439153,0.4444444444444445
relief,per_label_tuned_on_validation,153,18,0.048780487804878044,0.0844902832960428,0.043478260869565216,0.05555555555555555
