seed,mode,train_support,rare_train_defined,label_id,label,support,predicted_support,tp,fp,fn,tn,precision,recall,f1
42,fixed_0.5,303,True,12,embarrassment,35,9,6,3,29,5388,0.6666666666666666,0.17142857142857143,0.2727272727272727
42,fixed_0.5,77,True,16,grief,13,0,0,0,13,5413,0.0,0.0,0.0
42,fixed_0.5,164,True,19,nervousness,21,0,0,0,21,5405,0.0,0.0,0.0
42,fixed_0.5,111,True,21,pride,15,0,0,0,15,5411,0.0,0.0,0.0
42,fixed_0.5,153,True,23,relief,18,0,0,0,18,5408,0.0,0.0,0.0
42,per_label_tuned_on_validation,303,True,12,embarrassment,35,25,16,9,19,5382,0.64,0.45714285714285713,0.5333333333333333
42,per_label_tuned_on_validation,77,True,16,grief,13,0,0,0,13,5413,0.0,0.0,0.0
42,per_label_tuned_on_validation,164,True,19,nervousness,21,24,9,15,12,5390,0.375,0.42857142857142855,0.4
42,per_label_tuned_on_validation,111,True,21,pride,15,9,8,1,7,5410,0.8888888888888888,0.5333333333333333,0.6666666666666666
42,per_label_tuned_on_validation,153,True,23,relief,18,0,0,0,18,5408,0.0,0.0,0.0
123,fixed_0.5,303,True,12,embarrassment,35,12,9,3,26,5388,0.75,0.2571428571428571,0.3829787234042553
123,fixed_0.5,77,True,16,grief,13,0,0,0,13,5413,0.0,0.0,0.0
123,fixed_0.5,164,True,19,nervousness,21,0,0,0,21,5405,0.0,0.0,0.0
123,fixed_0.5,111,True,21,pride,15,0,0,0,15,5411,0.0,0.0,0.0
123,fixed_0.5,153,True,23,relief,18,0,0,0,18,5408,0.0,0.0,0.0
123,per_label_tuned_on_validation,303,True,12,embarrassment,35,20,15,5,20,5386,0.75,0.42857142857142855,0.5454545454545454
123,per_label_tuned_on_validation,77,True,16,grief,13,0,0,0,13,5413,0.0,0.0,0.0
123,per_label_tuned_on_validation,164,True,19,nervousness,21,5,5,0,16,5405,1.0,0.23809523809523808,0.38461538461538464
123,per_label_tuned_on_validation,111,True,21,pride,15,6,6,0,9,5411,1.0,0.4,0.5714285714285714
123,per_label_tuned_on_validation,153,True,23,relief,18,0,0,0,18,5408,0.0,0.0,0.0
2026,fixed_0.5,303,True,12,embarrassment,35,11,8,3,27,5388,0.7272727272727273,0.22857142857142856,0.34782608695652173
2026,fixed_0.5,77,True,16,grief,13,0,0,0,13,5413,0.0,0.0,0.0
2026,fixed_0.5,164,True,19,nervousness,21,0,0,0,21,5405,0.0,0.0,0.0
2026,fixed_0.5,111,True,21,pride,15,0,0,0,15,5411,0.0,0.0,0.0
2026,fixed_0.5,153,True,23,relief,18,0,0,0,18,5408,0.0,0.0,0.0
2026,per_label_tuned_on_validation,303,True,12,embarrassment,35,22,16,6,19,5385,0.7272727272727273,0.45714285714285713,0.5614035087719298
2026,per_label_tuned_on_validation,77,True,16,grief,13,0,0,0,13,5413,0.0,0.0,0.0
2026,per_label_tuned_on_validation,164,True,19,nervousness,21,22,8,14,13,5391,0.36363636363636365,0.38095238095238093,0.37209302325581395
2026,per_label_tuned_on_validation,111,True,21,pride,15,7,6,1,9,5410,0.8571428571428571,0.4,0.5454545454545454
2026,per_label_tuned_on_validation,153,True,23,relief,18,23,3,20,15,5388,0.13043478260869565,0.16666666666666666,0.14634146341463414
