mode,metric,mean,sample_std,n
fixed_0.5,macro_f1,0.4060836717007115,0.004544121229981039,3
fixed_0.5,micro_f1,0.5729436881247153,0.0036826343411191648,3
fixed_0.5,macro_precision,0.5729257055118852,0.003046399353022092,3
fixed_0.5,macro_recall,0.3463440805287615,0.004372461223182876,3
fixed_0.5,micro_precision,0.7098816870885912,0.002189040964139769,3
fixed_0.5,micro_recall,0.4803030303030303,0.004592057427180506,3
fixed_0.5,hamming_loss,0.03006687378231794,0.0001752610046297512,3
per_label_tuned_on_validation,macro_f1,0.5106447560240722,0.0012301645011412788,3
per_label_tuned_on_validation,micro_f1,0.6024532603887712,0.003955849133896825,3
per_label_tuned_on_validation,macro_precision,0.5245199067750713,0.018308378648624328,3
per_label_tuned_on_validation,macro_recall,0.5287322135154856,0.012407237671568155,3
per_label_tuned_on_validation,micro_precision,0.5524890956593486,0.006935345578469494,3
per_label_tuned_on_validation,micro_recall,0.6624346917450367,0.006281988789862447,3
per_label_tuned_on_validation,hamming_loss,0.036714759622979314,0.0006191341170188423,3
