label_id,label,train_support,raw_pos_weight,smooth_pos_weight
16,grief,77,562.77,23.72
21,pride,111,390.08,19.75
23,relief,153,282.73,16.81
19,nervousness,164,263.7,16.24
12,embarrassment,303,142.27,11.93
24,remorse,545,78.65,8.87
14,fear,596,71.84,8.48
8,desire,641,66.72,8.17
11,disgust,793,53.74,7.33
13,excitement,853,49.89,7.06
26,surprise,1060,39.95,6.32
5,caring,1087,38.94,6.24
22,realization,1110,38.11,6.17
9,disappointment,1269,33.21,5.76
25,sadness,1326,31.74,5.63
6,confusion,1368,30.73,5.54
17,joy,1452,28.9,5.38
2,anger,1567,26.7,5.17
20,optimism,1581,26.46,5.14
10,disapproval,2022,20.47,4.52
18,love,2086,19.81,4.45
7,curiosity,2191,18.81,4.34
1,amusement,2328,17.65,4.2
3,annoyance,2470,16.57,4.07
15,gratitude,2662,15.31,3.91
4,approval,2939,13.77,3.71
0,admiration,4130,9.51,3.08
27,neutral,14219,2.05,1.43
