text,train_labels,test_labels,label_consistent
I agree with this,[['approval']],[['approval']],True
Thank you!,"[['gratitude'], ['gratitude'], ['gratitude'], ['gratitude'], ['gratitude'], ['gratitude'], ['gratitude'], ['gratitude'], ['gratitude']]",[['gratitude']],True
Happy birthday!,"[['joy'], ['joy']]",[['gratitude']],False
You’re welcome,[['gratitude']],[['gratitude']],True
My condolences.,"[['sadness'], ['sadness']]","[['grief', 'sadness']]",False
It really do be like that,[['love']],[['neutral']],False
Thank you for your service,[['gratitude']],[['gratitude']],True
Go on...,"[['neutral'], ['neutral']]",[['neutral']],True
thank you!!,[['gratitude']],[['gratitude']],True
And then everyone clapped,[['neutral']],[['neutral']],True
How do you know this?,[['curiosity']],[['neutral']],False
Thanks I hate it.,"[['annoyance', 'gratitude']]",[['gratitude']],False
I like it,"[['love'], ['love'], ['love'], ['love']]","[['love'], ['love']]",True
Weird flex but ok,"[['neutral'], ['disgust'], ['neutral'], ['annoyance'], ['approval']]",[['neutral']],False
Thank you :),"[['gratitude'], ['gratitude'], ['gratitude']]",[['gratitude']],True
Thank you. [NAME],[['gratitude']],[['gratitude']],True
Thank you.,"[['gratitude'], ['gratitude'], ['gratitude'], ['gratitude'], ['gratitude'], ['gratitude'], ['gratitude'], ['gratitude'], ['gratitude'], ['gratitude'], ['gratitude'], ['gratitude'], ['gratitude']]",[['gratitude']],True
Happy cake day!,"[['joy'], ['excitement'], ['excitement', 'joy'], ['excitement'], ['gratitude']]","[['excitement'], ['excitement'], ['joy']]",False
What a legend,[['admiration']],[['admiration']],True
This is amazing,"[['admiration'], ['admiration']]",[['admiration']],True
[NAME].,"[['neutral'], ['neutral'], ['neutral']]","[['neutral'], ['neutral']]",True
I love it,"[['love'], ['love']]",[['love']],True
Love your username,[['love']],[['love']],True
How old are you?,[['neutral']],[['curiosity']],False
Good luck!,"[['optimism'], ['optimism'], ['gratitude'], ['caring', 'optimism'], ['optimism']]",[['optimism']],False
"Weird flex, but ok","[['annoyance', 'neutral']]","[['approval', 'disgust']]",False
Is that [NAME]?,"[['curiosity'], ['confusion', 'curiosity']]",[['neutral']],False
Bless you.,[['caring']],"[['caring'], ['caring']]",True
This is terrifying,[['fear']],[['fear']],True
I miss [NAME],"[['disappointment'], ['sadness'], ['disappointment', 'remorse', 'sadness']]",[['sadness']],False
Omg I love it,[['love']],[['love']],True
That’s awesome!,[['admiration']],"[['admiration', 'excitement']]",False
