split,id,text,label_ids,labels,n_labels,selection_reason,group_review_note,reading_note
train,efajo6t,Lol alright dude. Nice chat.,0,admiration,1,Minh họa nhãn admiration,,Cụm Nice chat có thể là lời khen hoặc lời kết mỉa mai tùy ngữ cảnh. Dữ liệu gán admiration; chỉ câu riêng lẻ chưa đủ xác nhận sắc thái.
train,eey5g23,Why would [NAME] even care lol Reminds me of that [NAME] [NAME] I see a lot,1,amusement,1,Minh họa nhãn amusement,,"Dấu hiệu lol gợi sắc thái thích thú. [NAME] là phần được che trong nguồn, không nên xóa hoặc đoán tên thật."
train,edko6gj,Screaming at this reply,2,anger,1,Minh họa nhãn anger,,Screaming là phản ứng mạnh nhưng cũng có thể chỉ cười hoặc bất ngờ trên mạng. Nhãn anger cần ngữ cảnh của reply để hiểu chắc hơn.
train,eeof8t8,"I just want to shake her by her shoulders and be like ""*Why are you like this?!*""",3,annoyance,1,Minh họa nhãn annoyance,,"Câu hỏi Why are you like this?! cùng ý muốn lay vai diễn tả bực bội, phù hợp cách đọc annoyance."
train,effjfum,Trolls are okay in this sub but let's be more serious here,4,approval,1,Minh họa nhãn approval,,"Vế Trolls are okay thể hiện chấp nhận, trong khi vế sau yêu cầu nghiêm túc hơn. Cần đọc cả hai vế khi xem nhãn approval."
train,eegojhf,[NAME] it’s ok the trumpet player can’t hurt you anymore,5,caring,1,Minh họa nhãn caring,,"Cấu trúc it’s ok và can’t hurt you anymore là lời trấn an, gợi caring; vẫn có khả năng đùa tùy hội thoại."
train,efckxje,New to the area. I would think it's due to the cold. I havent seen my neighborhood this dark.,6,confusion,1,Minh họa nhãn confusion,,"Người viết chưa quen khu vực và đang phỏng đoán nguyên nhân, tạo cảm giác chưa rõ tình hình; nhãn confusion không cần từ confused xuất hiện."
train,eelvbdz,Really? I was in New York last week and had to stand in the freezing cold to pump gas twice.,7,curiosity,1,Minh họa nhãn curiosity,,"Really? mở đầu bằng phản ứng hỏi lại, nhưng câu cũng nêu trải nghiệm trái với thông tin trước. Curiosity cần phân biệt với surprise hoặc disapproval."
train,edjsvk7,I wish I could make a garden,8,desire,1,Minh họa nhãn desire,,"I wish I could là dấu hiệu trực tiếp của mong muốn, giúp minh họa desire khá rõ."
train,efdel1c,"While out at the beach for a weekend for her birthday. There was no final straw, I just wanted to. ",9,disappointment,1,Minh họa nhãn disappointment,,"Câu bị tách khỏi câu chuyện trước đó, không có dấu hiệu disappointment rõ trong đoạn riêng. Giữ nhãn gốc và ghi nhận thiếu ngữ cảnh."
train,eeodxx6,Good [NAME] she needs to stop,10,disapproval,1,Minh họa nhãn disapproval,,She needs to stop thể hiện phản đối hành động. Từ Good ở đầu không đủ để kết luận cảm xúc tích cực cho cả câu.
train,efg2qtc,Everybody betrayed [NAME] [NAME]. I'm fed up with this world.,11,disgust,1,Minh họa nhãn disgust,,"Fed up with this world diễn tả chán ghét; có thể gần anger hoặc disappointment. Dataset gán disgust, cho thấy ranh giới nhãn có thể gần nhau."
train,eewwxi9,That awkward moment when people who passionately hate [NAME] inadvertently portray him as a hero.,12,embarrassment,1,Minh họa nhãn embarrassment,,"Awkward moment là dấu hiệu ngượng/ngại, nhưng câu nói về tình huống của người khác; cảm xúc trong văn bản không nhất thiết là trạng thái người viết."
train,edtd2kd,Can't wait to see the corporate oligarchs that are *lucky* enough to *randomly* get picked.,13,excitement,1,Minh họa nhãn excitement,,"Can't wait gợi hào hứng, nhưng lucky và randomly được nhấn mạnh có thể tạo mỉa mai. Giữ excitement theo nguồn, không khẳng định cách đọc này là duy nhất."
train,ef9hm8g,Imagine your daughter running away from home. I think that's a pretty terrifying idea without some murderer or mystic horror,14,fear,1,Minh họa nhãn fear,,"Terrifying diễn tả sự sợ hãi khá trực tiếp; câu nêu tình huống giả định, không phải thông tin xác nhận về đời sống người viết."
train,eev6c13,"Thank. Regardless, the fact that you can stay at 1mg kpins is fantastic",15,gratitude,1,Minh họa nhãn gratitude,,"Thank là dấu hiệu biết ơn; phần còn lại còn có lời khen fantastic. Nhãn gốc chỉ có gratitude, không tự bổ sung admiration."
train,ef9u23n,He's eating cheese and watching football in the sky now. Rest in peace!,16,grief,1,Minh họa nhãn grief,,"In the sky và Rest in peace gợi tưởng nhớ người đã mất, minh họa grief; không đồng nhất mọi câu buồn với grief."
train,ee14jqj,it’s what i would have wanted if i was a parent so yeah i’m glad i did something,17,joy,1,Minh họa nhãn joy,,"I'm glad là dấu hiệu vui hoặc hài lòng, hỗ trợ nhãn joy."
train,edosv4d,All good brother. Los Lonely Boys just came on and I'm jamming. Much love.,18,love,1,Minh họa nhãn love,,"Much love là cách biểu đạt tình cảm trực tiếp, phù hợp nhãn love; không nhất thiết là tình yêu lãng mạn."
train,ef102f6,I was told ignar was going to be awful by this sub.,19,nervousness,1,Minh họa nhãn nervousness,,"Câu kể lại đánh giá tiêu cực của người khác, không biểu lộ nervousness rõ. Đây là ví dụ cần hội thoại gốc hoặc xem lại quy trình gán nhãn."
train,efggot8,"Aw, man, with that title, I was hoping for good old-fashioned corporal punishment, like back in the 1700s. ",20,optimism,1,Minh họa nhãn optimism,,Was hoping diễn tả kỳ vọng nhưng câu có thể mang sắc thái đùa tối hoặc thất vọng. Không nên coi từ hoping luôn đồng nghĩa với optimism.
train,ef42dka,Majority of [NAME] support Dem investigations of a foreign agent? I’m so proud!,21,pride,1,Minh họa nhãn pride,,I'm so proud là dấu hiệu trực tiếp cho pride; nội dung chính trị chỉ là ngữ cảnh của ví dụ nguồn.
train,ee8c7nd,"Wow, again? You deleted and reposted it after I called you out not even 5 minutes ago! #desperate",22,realization,1,Minh họa nhãn realization,,"Người viết nhận thấy hành động xóa và đăng lại. Dù có Wow và câu hỏi, dataset gán realization; dấu câu riêng lẻ không quyết định nhãn."
train,edzy275,You sound like a douche.,23,relief,1,Minh họa nhãn relief,,"Đoạn riêng lẻ giống lời chê hơn là biểu đạt nhẹ nhõm; không thấy dấu hiệu relief rõ. Đây là trường hợp mơ hồ hoặc nhãn đáng rà soát, không tự sửa nhãn chuẩn."
train,efarbiv,"My bad, I guess I should've read the whole thing, from opiate yes ",24,remorse,1,Minh họa nhãn remorse,,"My bad và should've read thể hiện nhận lỗi, hỗ trợ nhãn remorse; giữ cách viết không chuẩn của bình luận."
train,eeaw4mw,"This is so sad. [NAME], play 'bitch lasagna'",25,sadness,1,Minh họa nhãn sadness,,"This is so sad gợi sadness, nhưng phần gọi phát bài hát có dạng meme. Cần phân biệt biểu đạt theo mẫu với cảm xúc theo nghĩa đen."
train,edglo8q," ### A surprise, to be sure, but a welcome one ",26,surprise,1,Minh họa nhãn surprise,,A surprise là dấu hiệu ngạc nhiên rõ; welcome one thêm sắc thái tích cực nhưng dữ liệu chỉ gán surprise.
train,ef4n82i,"Where do you see that? There's a big red spot on the left side, not the right side.",27,neutral,1,Minh họa nhãn neutral,,Câu hỏi và mô tả vị trí được gán neutral; không phải mọi câu hỏi đều mang curiosity trong nguồn.
train,eesesb6,Somebody is really insecure about their career decisions.,"14,19,27","fear, nervousness, neutral",3,Minh họa một bình luận có ít nhất 3 nhãn,,"Insecure có thể gợi sợ hoặc lo lắng. Nhãn nguồn gồm fear, nervousness và neutral; minh họa ba nhãn cùng tồn tại, không coi neutral là loại trừ."
train,efeuvbz,Bruh fox and heild look like the same dude,"4,27","approval, neutral",2,Neutral cùng cảm xúc khác,,Câu so sánh ngoại hình được gán approval và neutral dù dấu hiệu tán thành không rõ trong câu riêng lẻ. Cần ngữ cảnh và giữ nguyên cả hai nhãn.
