index,admiration,amusement,anger,annoyance,approval,caring,confusion,curiosity,desire,disappointment,disapproval,disgust,embarrassment,excitement,fear,gratitude,grief,joy,love,nervousness,optimism,pride,realization,relief,remorse,sadness,surprise,neutral
admiration,34,84,5,25,246,31,24,65,33,24,14,10,3,75,14,23,1,126,192,1,106,23,41,4,9,16,53,94
amusement,84,24,15,40,57,8,24,48,10,10,20,9,8,13,3,82,0,90,55,2,31,1,34,3,10,18,13,57
anger,5,15,31,13,8,9,8,11,4,30,43,53,6,0,5,11,0,4,7,2,6,1,4,2,3,17,10,73
annoyance,25,40,13,166,37,13,24,45,12,110,178,80,9,4,11,20,2,6,12,1,24,2,26,4,8,26,9,132
approval,246,57,8,37,123,65,20,36,18,23,19,13,1,25,8,62,0,41,60,3,100,5,80,7,12,10,14,202
caring,31,8,9,13,65,63,1,15,11,10,14,2,2,2,6,24,3,23,41,4,90,0,15,6,14,29,3,61
confusion,24,24,8,24,20,1,88,212,2,16,22,3,2,4,8,24,0,8,10,2,5,0,20,1,5,6,23,98
curiosity,65,48,11,45,36,15,212,143,11,21,31,11,10,21,11,31,0,14,25,3,28,0,33,1,14,23,57,118
desire,33,10,4,12,18,11,2,11,129,12,5,3,0,10,1,13,1,8,27,0,64,0,12,0,2,11,1,27
disappointment,24,10,30,110,23,10,16,21,12,245,54,20,10,4,6,8,4,7,10,7,17,0,30,0,15,133,11,65
disapproval,14,20,43,178,19,14,22,31,5,54,230,36,4,3,4,16,0,7,16,2,22,1,31,4,6,23,4,109
disgust,10,9,53,80,13,2,3,11,3,20,36,25,7,1,10,5,0,3,4,2,13,0,11,1,4,11,0,29
embarrassment,3,8,6,9,1,2,2,10,0,10,4,7,47,1,4,0,1,1,1,1,8,1,9,0,6,12,3,12
excitement,75,13,0,4,25,2,4,21,10,4,3,1,1,85,1,27,0,86,27,0,20,3,12,3,1,1,40,21
fear,14,3,5,11,8,6,8,11,1,6,4,10,4,1,84,2,0,4,4,34,7,0,6,0,2,15,9,20
gratitude,23,82,11,20,62,24,24,31,13,8,16,5,0,27,2,102,1,74,53,0,69,8,34,10,15,17,22,14
grief,1,0,0,2,0,3,0,0,1,4,0,0,1,0,0,1,77,0,0,1,0,0,0,0,3,22,2,2
joy,126,90,4,6,41,23,8,14,8,7,7,3,1,86,4,74,0,172,65,2,29,6,16,9,1,13,13,45
love,192,55,7,12,60,41,10,25,27,10,16,4,1,27,4,53,0,65,38,2,45,0,18,2,4,15,9,38
nervousness,1,2,2,1,3,4,2,3,0,7,2,2,1,0,34,0,1,2,2,164,1,0,3,1,0,9,1,8
optimism,106,31,6,24,100,90,5,28,64,17,22,13,8,20,7,69,0,29,45,1,45,10,31,4,17,21,13,48
pride,23,1,1,2,5,0,0,0,0,0,1,0,1,3,0,8,0,6,0,0,10,111,0,0,0,0,1,6
realization,41,34,4,26,80,15,20,33,12,30,31,11,9,12,6,34,0,16,18,3,31,0,86,1,6,18,26,76
relief,4,3,2,4,7,6,1,1,0,0,4,1,0,3,0,10,0,9,2,1,4,0,1,153,0,0,0,8
remorse,9,10,3,8,12,14,5,14,2,15,6,4,6,1,2,15,3,1,4,0,17,0,6,0,33,60,1,4
sadness,16,18,17,26,10,29,6,23,11,133,23,11,12,1,15,17,22,13,15,9,21,0,18,0,60,46,5,58
surprise,53,13,10,9,14,3,23,57,1,11,4,0,3,40,9,22,2,13,9,1,13,1,26,0,1,5,36,33
neutral,94,57,73,132,202,61,98,118,27,65,109,29,12,21,20,14,2,45,38,8,48,6,76,8,4,58,33,139
