label_id,label,dien_giai_vi
0,admiration,ngưỡng mộ
1,amusement,thích thú
2,anger,tức giận
3,annoyance,khó chịu
4,approval,tán thành
5,caring,quan tâm
6,confusion,bối rối
7,curiosity,tò mò
8,desire,mong muốn
9,disappointment,thất vọng
10,disapproval,không tán thành
11,disgust,ghê tởm
12,embarrassment,ngượng ngùng
13,excitement,hào hứng
14,fear,sợ hãi
15,gratitude,biết ơn
16,grief,đau buồn sâu sắc
17,joy,vui vẻ
18,love,yêu thương
19,nervousness,lo lắng hồi hộp
20,optimism,lạc quan
21,pride,tự hào
22,realization,nhận ra
23,relief,nhẹ nhõm
24,remorse,hối hận
25,sadness,buồn bã
26,surprise,ngạc nhiên
27,neutral,trung tính
