label_id,label,dien_giai_vi,train_count,train_prevalence_pct,validation_count,validation_prevalence_pct,test_count,test_prevalence_pct,total_count,total_prevalence_pct,train_share_of_assignments_pct
0,admiration,ngưỡng mộ,4130,9.513936880903017,488,8.993733873940288,504,9.286898839137644,5122,9.439212723218398,8.081717316008845
1,amusement,thích thú,2328,5.362819626814098,303,5.584224106155547,264,4.864566058595909,2895,5.3351270663251205,4.555505547619513
2,anger,tức giận,1567,3.609767334715503,195,3.593807593070402,198,3.6484245439469323,1960,3.6120376683928277,3.0663561826115884
3,annoyance,khó chịu,2470,5.689933195116333,303,5.584224106155547,320,5.896443707388981,3093,5.700016585887253,4.833375731366065
4,approval,tán thành,2939,6.770329417184981,397,7.316623663840767,351,6.467661691542288,3687,6.79468514457365,5.751130070641645
5,caring,quan tâm,1087,2.504031329186823,153,2.819756726870623,135,2.4875621890547266,1375,2.5339549969592543,2.1270766882570498
6,confusion,bối rối,1368,3.151347615756738,152,2.801326944342057,153,2.8192371475953566,1673,3.083132152663878,2.6769465589104358
7,curiosity,tò mò,2191,5.047224141902787,248,4.570586067084408,284,5.233093790307721,2723,5.018152332160035,4.2874195252724885
8,desire,mong muốn,641,1.4766182907164247,77,1.4190932546995945,83,1.5293900866040169,801,1.4761439655013544,1.2543294914192906
9,disappointment,thất vọng,1269,2.923289564616448,163,3.0040545521562847,151,2.7823843744241756,1583,2.917273280135636,2.483220163199812
10,disapproval,không tán thành,2022,4.657912923289564,292,5.38149649834132,267,4.91984521835268,2581,4.756463888837698,3.9567148699684953
11,disgust,ghê tởm,793,1.8267680258005066,97,1.7876889052709177,123,2.2664455500276395,1013,1.8668337541234359,1.5517679979648944
12,embarrassment,ngượng ngùng,303,0.6979958534899793,35,0.6450423884998157,37,0.6817763036668509,375,0.691078635534342,0.5929201808113026
13,excitement,hào hứng,853,1.964985026491592,96,1.7692591227423518,103,1.8979178183158283,1052,1.9387059322190074,1.669177934759212
14,fear,sợ hãi,596,1.372955540198111,90,1.6586804275709546,78,1.4372581536760642,764,1.4079575401286328,1.1662720388235526
15,gratitude,biết ơn,2662,6.132227597327804,358,6.597862145226687,352,6.486088078127879,3372,6.214179090724803,5.20908752910788
16,grief,đau buồn sâu sắc,77,0.17737848422022576,13,0.2395871728713601,6,0.11055831951354339,96,0.17691613069679155,0.15067608555270728
17,joy,vui vẻ,1452,3.344851416724257,172,3.1699225949133796,161,2.966648240280081,1785,3.2895343051434676,2.84132047042248
18,love,yêu thương,2086,4.805344390693389,252,4.6443051971986735,238,4.385480007370555,2576,4.747249507030573,4.0819521358824336
19,nervousness,lo lắng hồi hộp,164,0.377793135222299,21,0.3870254330998894,23,0.42380689146858297,208,0.38331828317638167,0.3209204939044674
20,optimism,lạc quan,1581,3.64201796821009,209,3.8518245484703275,186,3.4273079049198447,1976,3.6415236901756263,3.0937518345302624
21,pride,tự hào,111,0.25570145127850724,15,0.27644673792849245,16,0.29482218536944904,142,0.2616884433223375,0.2172083830694871
22,realization,nhận ra,1110,2.5570145127850727,127,2.3405823811279025,145,2.671826054910632,1382,2.5468551314892283,2.1720838306948713
23,relief,nhẹ nhõm,153,0.3524533517622668,18,0.3317360855141909,11,0.20269025244149622,182,0.335403497779334,0.2993953388255093
24,remorse,hối hận,545,1.2554710896106889,68,1.2532252119424991,56,1.0318776487930716,669,1.2328842857932663,1.0664735925483826
25,sadness,buồn bã,1326,3.0545957152729786,143,2.6354589015849617,156,2.8745163073521285,1625,2.994674087315482,2.5947596031544133
26,surprise,ngạc nhiên,1060,2.441833678875835,129,2.377441946185035,141,2.59812050856827,1330,2.451025560695133,2.0742422166996066
27,neutral,trung tính,14219,32.75512554710896,1766,32.54699594544784,1787,32.927952828450344,17772,32.75159869524353,27.82419818797331
