label_a,label_b,count,percent_train,jaccard
admiration,gratitude,279,0.6427090532135453,0.04283740211883925
anger,annoyance,269,0.6196728864316978,0.07139065817409766
admiration,approval,246,0.5666897028334485,0.036054521471493475
confusion,curiosity,212,0.488366735775167,0.06334030475052285
approval,neutral,202,0.4653305689933195,0.011913187072422742
admiration,love,192,0.44229440221147204,0.03187250996015936
annoyance,disapproval,178,0.4100437687168855,0.041261010662957814
disappointment,sadness,133,0.3063810181985717,0.05402112103980504
annoyance,neutral,132,0.30407740152038704,0.007972458778764268
admiration,joy,126,0.2902557014512785,0.02309384164222874
curiosity,neutral,118,0.2718267680258005,0.007242818561257059
annoyance,disappointment,110,0.2533978346003225,0.03031138054560485
disapproval,neutral,109,0.25109421792213776,0.006756756756756757
admiration,optimism,106,0.2441833678875835,0.018911685994647636
approval,optimism,100,0.23036166781847503,0.02262443438914027
confusion,neutral,98,0.2257544344621055,0.006327070824456066
admiration,neutral,94,0.2165399677493665,0.005149274171459874
amusement,joy,90,0.2073255010366275,0.024390243902439025
caring,optimism,90,0.2073255010366275,0.03491078355314197
excitement,joy,86,0.19811103432388852,0.03875619648490311
admiration,amusement,84,0.193503800967519,0.013178537809852526
amusement,gratitude,82,0.1888965676111495,0.016707416462917686
annoyance,disgust,80,0.18428933425478,0.025133521834747093
approval,realization,80,0.18428933425478,0.020156210632401108
realization,neutral,76,0.175074867542041,0.0049826263685832295
admiration,excitement,75,0.17277125086385625,0.015281173594132029
gratitude,joy,74,0.1704676341856715,0.018316831683168316
anger,neutral,73,0.16816401750748675,0.004645834659199389
gratitude,optimism,69,0.15894955079474776,0.016530905606133205
admiration,curiosity,65,0.14973508408200875,0.01039002557544757
approval,caring,65,0.14973508408200875,0.016409997475385005
disappointment,neutral,65,0.14973508408200875,0.004214484860273617
joy,love,65,0.14973508408200875,0.018715807659084364
desire,optimism,64,0.14743146740382398,0.029657089898053754
approval,gratitude,62,0.1428242340474545,0.011193356201480412
caring,neutral,61,0.14052061736926977,0.004001311905542801
approval,love,60,0.138217000691085,0.012084592145015106
remorse,sadness,60,0.138217000691085,0.03313086692435119
sadness,neutral,58,0.1336097673347155,0.0037450765157874344
amusement,approval,57,0.13130615065653076,0.010940499040307103
amusement,neutral,57,0.13130615065653076,0.0034566403881140084
curiosity,surprise,57,0.13130615065653076,0.017845961177207263
amusement,love,55,0.12669891730016125,0.012617572837806837
disappointment,disapproval,54,0.12439530062197651,0.016682113067655237
admiration,surprise,53,0.12209168394379175,0.010317305820517812
anger,disgust,53,0.12209168394379175,0.022973558734286952
gratitude,love,53,0.12209168394379175,0.011288604898828542
amusement,curiosity,48,0.11057360055286801,0.010735853276671885
optimism,neutral,48,0.11057360055286801,0.0030472320975114273
annoyance,curiosity,45,0.10366275051831375,0.009748700173310225
joy,neutral,45,0.10366275051831375,0.0028798156917957253
love,optimism,45,0.10366275051831375,0.012424075096631695
anger,disapproval,43,0.09905551716194426,0.012126339537507051
admiration,realization,41,0.09444828380557475,0.007886131948451626
approval,joy,41,0.09444828380557475,0.00942528735632184
caring,love,41,0.09444828380557475,0.013090676883780333
amusement,annoyance,40,0.09214466712739,0.008406893652795292
excitement,surprise,40,0.09214466712739,0.021356113187399894
love,neutral,38,0.0875374337710205,0.0023360177045552346
annoyance,approval,37,0.08523381709283576,0.0068875651526433355
approval,curiosity,36,0.082930200414651,0.007067137809187279
disapproval,disgust,36,0.082930200414651,0.012954300107952501
amusement,realization,34,0.07832296705828151,0.0099882491186839
fear,nervousness,34,0.07832296705828151,0.046831955922865015
gratitude,realization,34,0.07832296705828151,0.00909577314071696
admiration,desire,33,0.07601935038009676,0.0069649641198818064
curiosity,realization,33,0.07601935038009676,0.010097919216646267
surprise,neutral,33,0.07601935038009676,0.0021645021645021645
admiration,caring,31,0.07141211702372725,0.005977632086386425
amusement,optimism,31,0.07141211702372725,0.007993811242908716
curiosity,disapproval,31,0.07141211702372725,0.00741272118603539
curiosity,gratitude,31,0.07141211702372725,0.006428867689755288
disapproval,realization,31,0.07141211702372725,0.00999677523379555
optimism,realization,31,0.07141211702372725,0.011654135338345865
anger,disappointment,30,0.0691085003455425,0.010691375623663579
disappointment,realization,30,0.0691085003455425,0.01277139208173691
caring,sadness,29,0.06680488366735775,0.012164429530201342
disgust,neutral,29,0.06680488366735775,0.0019355269305212574
joy,optimism,29,0.06680488366735775,0.009653794940079893
curiosity,optimism,28,0.064501266989173,0.007478632478632479
desire,love,27,0.062197650310988256,0.01
desire,neutral,27,0.062197650310988256,0.0018202656239466055
excitement,gratitude,27,0.062197650310988256,0.007740825688073395
excitement,love,27,0.062197650310988256,0.009271978021978022
annoyance,realization,26,0.0598940336328035,0.007315700619020821
annoyance,sadness,26,0.0598940336328035,0.006896551724137931
realization,surprise,26,0.0598940336328035,0.012126865671641791
admiration,annoyance,25,0.05759041695461876,0.0038022813688212928
approval,excitement,25,0.05759041695461876,0.006636580833554553
curiosity,love,25,0.05759041695461876,0.005879586077140169
admiration,confusion,24,0.055286800276434005,0.004384362440628425
admiration,disappointment,24,0.055286800276434005,0.004465116279069767
amusement,confusion,24,0.055286800276434005,0.006535947712418301
annoyance,confusion,24,0.055286800276434005,0.006292606187729418
annoyance,optimism,24,0.055286800276434005,0.005959771542090887
caring,gratitude,24,0.055286800276434005,0.006442953020134228
confusion,gratitude,24,0.055286800276434005,0.005991013479780329
admiration,pride,23,0.052983183598249245,0.005452821242294926
approval,disappointment,23,0.052983183598249245,0.005495818399044205
caring,joy,23,0.052983183598249245,0.009141494435612083
confusion,surprise,23,0.052983183598249245,0.009563409563409564
curiosity,sadness,23,0.052983183598249245,0.00658271322266743
disapproval,sadness,23,0.052983183598249245,0.0069172932330827065
confusion,disapproval,22,0.0506795669200645,0.006532066508313539
disapproval,optimism,22,0.0506795669200645,0.006143535325328121
gratitude,surprise,22,0.0506795669200645,0.005945945945945946
grief,sadness,22,0.0506795669200645,0.015930485155684286
curiosity,disappointment,21,0.04837595024187975,0.0061064262867112536
curiosity,excitement,21,0.04837595024187975,0.006946741647370162
excitement,neutral,21,0.04837595024187975,0.0013952561291608531
optimism,sadness,21,0.04837595024187975,0.007276507276507277
amusement,disapproval,20,0.046072333563695,0.004618937644341801
annoyance,gratitude,20,0.046072333563695,0.003912363067292645
approval,confusion,20,0.046072333563695,0.004665267086540704
confusion,realization,20,0.046072333563695,0.008136696501220505
disappointment,disgust,20,0.046072333563695,0.009794319294809012
excitement,optimism,20,0.046072333563695,0.008285004142502071
fear,neutral,20,0.046072333563695,0.0013518080432578573
approval,disapproval,19,0.04376871688551025,0.0038445973290165926
amusement,sadness,18,0.0414651002073255,0.0049504950495049506
approval,desire,18,0.0414651002073255,0.0050533408197641775
love,realization,18,0.0414651002073255,0.005663939584644431
realization,sadness,18,0.0414651002073255,0.007444168734491315
anger,sadness,17,0.039161483529140756,0.005910987482614743
disappointment,optimism,17,0.039161483529140756,0.006000705965407695
gratitude,sadness,17,0.039161483529140756,0.004281037522034752
optimism,remorse,17,0.039161483529140756,0.008060692271218587
admiration,sadness,16,0.036857866850955996,0.0029411764705882353
confusion,disappointment,16,0.036857866850955996,0.006104540251812286
disapproval,gratitude,16,0.036857866850955996,0.003427592116538132
disapproval,love,16,0.036857866850955996,0.0039100684261974585
joy,realization,16,0.036857866850955996,0.006284367635506678
amusement,anger,15,0.03455425017277125,0.003865979381443299
caring,curiosity,15,0.03455425017277125,0.004596996628869139
caring,realization,15,0.03455425017277125,0.0068744271310724105
disappointment,remorse,15,0.03455425017277125,0.008337965536409116
fear,sadness,15,0.03455425017277125,0.007865757734661772
gratitude,remorse,15,0.03455425017277125,0.004699248120300752
love,sadness,15,0.03455425017277125,0.004415660877244628
admiration,disapproval,14,0.0322506334945865,0.002280873248615184
admiration,fear,14,0.0322506334945865,0.0029711375212224107
approval,surprise,14,0.0322506334945865,0.0035131744040150566
caring,disapproval,14,0.0322506334945865,0.004523424878836834
caring,remorse,14,0.0322506334945865,0.00865265760197775
curiosity,joy,14,0.0322506334945865,0.0038578120694406173
curiosity,remorse,14,0.0322506334945865,0.005143277002204262
gratitude,neutral,14,0.0322506334945865,0.0008300231220726863
amusement,excitement,13,0.02994701681640175,0.004103535353535354
amusement,surprise,13,0.02994701681640175,0.003851851851851852
annoyance,caring,13,0.02994701681640175,0.003668171557562077
approval,disgust,13,0.02994701681640175,0.0034955633234740524
desire,gratitude,13,0.02994701681640175,0.003951367781155016
disgust,optimism,13,0.02994701681640175,0.005506141465480729
joy,sadness,13,0.02994701681640175,0.004701627486437613
joy,surprise,13,0.02994701681640175,0.005202080832332933
optimism,surprise,13,0.02994701681640175,0.004946727549467275
annoyance,desire,12,0.027643400138217002,0.003872216844143272
annoyance,love,12,0.027643400138217002,0.002640845070422535
approval,remorse,12,0.027643400138217002,0.0034562211981566822
desire,disappointment,12,0.027643400138217002,0.006322444678609062
desire,realization,12,0.027643400138217002,0.006900517538815411
embarrassment,neutral,12,0.027643400138217002,0.0008270158511371468
embarrassment,sadness,12,0.027643400138217002,0.0074211502782931356
excitement,realization,12,0.027643400138217002,0.006150691952844695
anger,curiosity,11,0.02533978346003225,0.0029356818788364024
anger,gratitude,11,0.02533978346003225,0.0026078710289236607
annoyance,fear,11,0.02533978346003225,0.003600654664484452
caring,desire,11,0.02533978346003225,0.0064065230052417
curiosity,desire,11,0.02533978346003225,0.0038993264799716413
curiosity,disgust,11,0.02533978346003225,0.003699966363942146
curiosity,fear,11,0.02533978346003225,0.003962536023054755
desire,sadness,11,0.02533978346003225,0.005623721881390593
disappointment,surprise,11,0.02533978346003225,0.004745470232959448
disgust,realization,11,0.02533978346003225,0.005813953488372093
disgust,sadness,11,0.02533978346003225,0.005218216318785579
admiration,disgust,10,0.0230361667818475,0.0020354162426216163
amusement,desire,10,0.0230361667818475,0.0033795201081446434
amusement,disappointment,10,0.0230361667818475,0.0027878449958182324
amusement,remorse,10,0.0230361667818475,0.0034928396786587496
anger,surprise,10,0.0230361667818475,0.0038211692777990066
approval,sadness,10,0.0230361667818475,0.0023501762632197414
caring,disappointment,10,0.0230361667818475,0.004262574595055414
confusion,love,10,0.0230361667818475,0.0029036004645760743
curiosity,embarrassment,10,0.0230361667818475,0.004025764895330112
desire,excitement,10,0.0230361667818475,0.006738544474393531
disappointment,embarrassment,10,0.0230361667818475,0.006402048655569782
disappointment,love,10,0.0230361667818475,0.0029895366218236174
disgust,fear,10,0.0230361667818475,0.007251631617113851
gratitude,relief,10,0.0230361667818475,0.0035650623885918
optimism,pride,10,0.0230361667818475,0.005945303210463734
admiration,remorse,9,0.02073255010366275,0.0019288469781397343
amusement,disgust,9,0.02073255010366275,0.002892030848329049
anger,caring,9,0.02073255010366275,0.003402646502835539
annoyance,embarrassment,9,0.02073255010366275,0.003256150506512301
annoyance,surprise,9,0.02073255010366275,0.0025560920193126954
embarrassment,realization,9,0.02073255010366275,0.00641025641025641
fear,surprise,9,0.02073255010366275,0.00546448087431694
joy,relief,9,0.02073255010366275,0.005639097744360902
love,surprise,9,0.02073255010366275,0.0028689831048772712
nervousness,sadness,9,0.02073255010366275,0.006076975016880486
amusement,caring,8,0.018428933425477998,0.002348106838861168
amusement,embarrassment,8,0.018428933425477998,0.0030499428135722455
anger,approval,8,0.018428933425477998,0.0017785682525566918
anger,confusion,8,0.018428933425477998,0.0027331738981892723
annoyance,remorse,8,0.018428933425477998,0.002660458929165281
approval,fear,8,0.018428933425477998,0.0022682166146867026
confusion,fear,8,0.018428933425477998,0.00408997955010225
confusion,joy,8,0.018428933425477998,0.002844950213371266
desire,joy,8,0.018428933425477998,0.0038369304556354917
disappointment,gratitude,8,0.018428933425477998,0.002039255671679837
embarrassment,optimism,8,0.018428933425477998,0.0042643923240938165
gratitude,pride,8,0.018428933425477998,0.0028933092224231465
nervousness,neutral,8,0.018428933425477998,0.0005565217391304347
relief,neutral,8,0.018428933425477998,0.000556947925368978
anger,love,7,0.01612531674729325,0.0019199122325836533
approval,relief,7,0.01612531674729325,0.00226904376012966
disappointment,joy,7,0.01612531674729325,0.002579218865143699
disappointment,nervousness,7,0.01612531674729325,0.004908835904628331
disapproval,joy,7,0.01612531674729325,0.002019036631093164
disgust,embarrassment,7,0.01612531674729325,0.006427915518824609
fear,optimism,7,0.01612531674729325,0.0032258064516129032
anger,embarrassment,6,0.013821700069108501,0.003218884120171674
anger,optimism,6,0.013821700069108501,0.0019096117122851686
annoyance,joy,6,0.013821700069108501,0.0015321756894790602
caring,fear,6,0.013821700069108501,0.0035778175313059034
caring,relief,6,0.013821700069108501,0.004862236628849271
confusion,sadness,6,0.013821700069108501,0.002232142857142857
disappointment,fear,6,0.013821700069108501,0.0032275416890801506
disapproval,remorse,6,0.013821700069108501,0.0023428348301444747
embarrassment,remorse,6,0.013821700069108501,0.007125890736342043
fear,realization,6,0.013821700069108501,0.0035294117647058825
joy,pride,6,0.013821700069108501,0.0038535645472061657
pride,neutral,6,0.013821700069108501,0.0004188774085450991
realization,remorse,6,0.013821700069108501,0.0036385688295936932
admiration,anger,5,0.01151808339092375,0.0008784258608573436
anger,fear,5,0.01151808339092375,0.0023169601482854493
approval,pride,5,0.01151808339092375,0.0016420361247947454
confusion,optimism,5,0.01151808339092375,0.0016983695652173913
confusion,remorse,5,0.01151808339092375,0.002620545073375262
desire,disapproval,5,0.01151808339092375,0.0018811136192626034
disgust,gratitude,5,0.01151808339092375,0.0014492753623188406
sadness,surprise,5,0.01151808339092375,0.0020999580008399833
admiration,relief,4,0.009214466712738999,0.0009347978499649451
anger,desire,4,0.009214466712738999,0.0018148820326678765
anger,joy,4,0.009214466712738999,0.0013266998341625207
anger,realization,4,0.009214466712738999,0.0014964459408903852
annoyance,excitement,4,0.009214466712738999,0.0012051822838204278
annoyance,relief,4,0.009214466712738999,0.0015273004963726614
caring,nervousness,4,0.009214466712738999,0.0032076984763432237
confusion,excitement,4,0.009214466712738999,0.0018042399639152007
disappointment,excitement,4,0.009214466712738999,0.0018885741265344666
disappointment,grief,4,0.009214466712738999,0.0029806259314456036
disapproval,embarrassment,4,0.009214466712738999,0.0017233950883239983
disapproval,fear,4,0.009214466712738999,0.001530221882172915
disapproval,relief,4,0.009214466712738999,0.0018424689083371719
disapproval,surprise,4,0.009214466712738999,0.001299545159194282
disgust,love,4,0.009214466712738999,0.001391304347826087
disgust,remorse,4,0.009214466712738999,0.0029985007496251873
embarrassment,fear,4,0.009214466712738999,0.004469273743016759
fear,joy,4,0.009214466712738999,0.0019569471624266144
fear,love,4,0.009214466712738999,0.0014936519790888724
love,remorse,4,0.009214466712738999,0.0015226494099733537
optimism,relief,4,0.009214466712738999,0.0023121387283236996
remorse,neutral,4,0.009214466712738999,0.00027100271002710027
admiration,embarrassment,3,0.006910850034554251,0.0006772009029345372
amusement,fear,3,0.006910850034554251,0.0010270455323519343
amusement,relief,3,0.006910850034554251,0.0012106537530266344
anger,remorse,3,0.006910850034554251,0.001422475106685633
approval,nervousness,3,0.006910850034554251,0.000967741935483871
caring,grief,3,0.006910850034554251,0.002583979328165375
caring,surprise,3,0.006910850034554251,0.0013992537313432835
confusion,disgust,3,0.006910850034554251,0.0013901760889712697
curiosity,nervousness,3,0.006910850034554251,0.0012755102040816326
desire,disgust,3,0.006910850034554251,0.0020964360587002098
disapproval,excitement,3,0.006910850034554251,0.0010445682451253482
disgust,joy,3,0.006910850034554251,0.0013380909901873326
embarrassment,surprise,3,0.006910850034554251,0.0022058823529411764
excitement,pride,3,0.006910850034554251,0.003121748178980229
excitement,relief,3,0.006910850034554251,0.0029910269192422734
grief,remorse,3,0.006910850034554251,0.004846526655896607
nervousness,realization,3,0.006910850034554251,0.0023603461841070024
amusement,nervousness,2,0.0046072333563694995,0.0008032128514056225
anger,nervousness,2,0.0046072333563694995,0.001156737998843262
anger,relief,2,0.0046072333563694995,0.0011641443538998836
annoyance,grief,2,0.0046072333563694995,0.0007858546168958742
annoyance,pride,2,0.0046072333563694995,0.0007754943776657619
caring,disgust,2,0.0046072333563694995,0.0010649627263045794
caring,embarrassment,2,0.0046072333563694995,0.001440922190201729
caring,excitement,2,0.0046072333563694995,0.0010319917440660474
confusion,desire,2,0.0046072333563694995,0.000996512207274539
confusion,embarrassment,2,0.0046072333563694995,0.0011983223487118035
confusion,nervousness,2,0.0046072333563694995,0.00130718954248366
desire,remorse,2,0.0046072333563694995,0.0016891891891891893
disapproval,nervousness,2,0.0046072333563694995,0.0009157509157509158
disgust,nervousness,2,0.0046072333563694995,0.0020942408376963353
fear,gratitude,2,0.0046072333563694995,0.0006142506142506142
fear,remorse,2,0.0046072333563694995,0.001755926251097454
grief,neutral,2,0.0046072333563694995,0.00013991884706870015
grief,surprise,2,0.0046072333563694995,0.001762114537444934
joy,nervousness,2,0.0046072333563694995,0.0012391573729863693
love,nervousness,2,0.0046072333563694995,0.0008896797153024911
love,relief,2,0.0046072333563694995,0.000894054537326777
admiration,grief,1,0.0023036166781847498,0.00023775558725630053
admiration,nervousness,1,0.0023036166781847498,0.00023293733985557886
amusement,pride,1,0.0023036166781847498,0.00041017227235438887
anger,pride,1,0.0023036166781847498,0.0005963029218843172
annoyance,nervousness,1,0.0023036166781847498,0.00037979491074819596
approval,embarrassment,1,0.0023036166781847498,0.000308546744831842
caring,confusion,1,0.0023036166781847498,0.00040749796251018743
confusion,relief,1,0.0023036166781847498,0.0006578947368421052
curiosity,relief,1,0.0023036166781847498,0.0004268032437046522
desire,fear,1,0.0023036166781847498,0.0008090614886731392
desire,grief,1,0.0023036166781847498,0.001394700139470014
desire,surprise,1,0.0023036166781847498,0.000588235294117647
disapproval,pride,1,0.0023036166781847498,0.00046904315196998124
disgust,excitement,1,0.0023036166781847498,0.0006079027355623101
disgust,relief,1,0.0023036166781847498,0.0010582010582010583
embarrassment,excitement,1,0.0023036166781847498,0.0008658008658008658
embarrassment,grief,1,0.0023036166781847498,0.002638522427440633
embarrassment,joy,1,0.0023036166781847498,0.0005701254275940707
embarrassment,love,1,0.0023036166781847498,0.0004187604690117253
embarrassment,nervousness,1,0.0023036166781847498,0.002145922746781116
embarrassment,pride,1,0.0023036166781847498,0.002421307506053269
excitement,fear,1,0.0023036166781847498,0.0006906077348066298
excitement,remorse,1,0.0023036166781847498,0.0007158196134574087
excitement,sadness,1,0.0023036166781847498,0.0004591368227731864
gratitude,grief,1,0.0023036166781847498,0.0003652300949598247
grief,nervousness,1,0.0023036166781847498,0.004166666666666667
joy,remorse,1,0.0023036166781847498,0.000501002004008016
nervousness,optimism,1,0.0023036166781847498,0.0005733944954128441
nervousness,relief,1,0.0023036166781847498,0.0031645569620253164
nervousness,surprise,1,0.0023036166781847498,0.0008176614881439084
pride,surprise,1,0.0023036166781847498,0.0008547008547008547
realization,relief,1,0.0023036166781847498,0.000792393026941363
remorse,surprise,1,0.0023036166781847498,0.0006234413965087282
amusement,grief,0,0.0,0.0
anger,excitement,0,0.0,0.0
anger,grief,0,0.0,0.0
approval,grief,0,0.0,0.0
caring,pride,0,0.0,0.0
confusion,grief,0,0.0,0.0
confusion,pride,0,0.0,0.0
curiosity,grief,0,0.0,0.0
curiosity,pride,0,0.0,0.0
desire,embarrassment,0,0.0,0.0
desire,nervousness,0,0.0,0.0
desire,pride,0,0.0,0.0
desire,relief,0,0.0,0.0
disappointment,pride,0,0.0,0.0
disappointment,relief,0,0.0,0.0
disapproval,grief,0,0.0,0.0
disgust,grief,0,0.0,0.0
disgust,pride,0,0.0,0.0
disgust,surprise,0,0.0,0.0
embarrassment,gratitude,0,0.0,0.0
embarrassment,relief,0,0.0,0.0
excitement,grief,0,0.0,0.0
excitement,nervousness,0,0.0,0.0
fear,grief,0,0.0,0.0
fear,pride,0,0.0,0.0
fear,relief,0,0.0,0.0
gratitude,nervousness,0,0.0,0.0
grief,joy,0,0.0,0.0
grief,love,0,0.0,0.0
grief,optimism,0,0.0,0.0
grief,pride,0,0.0,0.0
grief,realization,0,0.0,0.0
grief,relief,0,0.0,0.0
love,pride,0,0.0,0.0
nervousness,pride,0,0.0,0.0
nervousness,remorse,0,0.0,0.0
pride,realization,0,0.0,0.0
pride,relief,0,0.0,0.0
pride,remorse,0,0.0,0.0
pride,sadness,0,0.0,0.0
relief,remorse,0,0.0,0.0
relief,sadness,0,0.0,0.0
relief,surprise,0,0.0,0.0
