tokenizer,id,n_tokens,n_chars,n_words_whitespace,text_preview
BERT,edwy61c,316,514,32,here you go: |Games|Home|Away|Team|vs W-L 18-19| |:-|:-|:-|:-|-:| |1|1|0|Golden State|0-1| |2|1|1|Ho…
BERT,ee4as4o,115,198,18,"ackchyually, it's *r/woooosh ^^^^^I'm ^^^^^a ^^^^^bot. ^^^^^Complaints ^^^^^should ^^^^^be ^^^^^sent…"
BERT,ef9of3l,82,93,4,Oh fuuuuuuuuuuuuuuuuuuuuuuuuuuuuuuuuuuuuuuuuuuuuuuuuuuuuuuuuuuuuuuuuuuuuuuuuck RIGHT OFF!!!!!
RoBERTa,ef0rf7q,1437,542,26,For your kindness to mobile users I give a platinum ⠀⠀⠀⠀⠀⣤⣶⣶⡶⠦⠴⠶⠶⠶⠶⡶⠶⠦⠶⠶⠶⠶⠶⠶⠶⣄⠀⠀⠀⠀ ⠀⠀⠀⠀⠀⣿⣀⣀⣀⣀⠀⢀⣤⠄⠀⠀⣶…
RoBERTa,edwy61c,320,514,32,here you go: |Games|Home|Away|Team|vs W-L 18-19| |:-|:-|:-|:-|-:| |1|1|0|Golden State|0-1| |2|1|1|Ho…
RoBERTa,eds3a07,211,400,23,No the whippet sound is WUBWUBWUBWUBWUBWUBWUBWUBWUBWUBWUBWUBWUBWUBWUBWUBWUBWUBWUBWUBWUBWUBWUBWUBWUBW…
DistilBERT,edwy61c,316,514,32,here you go: |Games|Home|Away|Team|vs W-L 18-19| |:-|:-|:-|:-|-:| |1|1|0|Golden State|0-1| |2|1|1|Ho…
DistilBERT,ee4as4o,115,198,18,"ackchyually, it's *r/woooosh ^^^^^I'm ^^^^^a ^^^^^bot. ^^^^^Complaints ^^^^^should ^^^^^be ^^^^^sent…"
DistilBERT,ef9of3l,82,93,4,Oh fuuuuuuuuuuuuuuuuuuuuuuuuuuuuuuuuuuuuuuuuuuuuuuuuuuuuuuuuuuuuuuuuuuuuuuuuck RIGHT OFF!!!!!
