tokenizer,split,max_length,samples_truncated,percent_truncated,tokens_removed
BERT,train,64,3,0.006910850034554251,321
BERT,train,128,1,0.0023036166781847498,188
BERT,train,256,1,0.0023036166781847498,60
BERT,validation,64,0,0.0,0
BERT,validation,128,0,0.0,0
BERT,validation,256,0,0.0,0
RoBERTa,train,64,10,0.0230361667818475,1972
RoBERTa,train,128,4,0.009214466712738999,1642
RoBERTa,train,256,2,0.0046072333563694995,1245
RoBERTa,validation,64,1,0.018429782528566162,9
RoBERTa,validation,128,0,0.0,0
RoBERTa,validation,256,0,0.0,0
DistilBERT,train,64,3,0.006910850034554251,321
DistilBERT,train,128,1,0.0023036166781847498,188
DistilBERT,train,256,1,0.0023036166781847498,60
DistilBERT,validation,64,0,0.0,0
DistilBERT,validation,128,0,0.0,0
DistilBERT,validation,256,0,0.0,0
