system,split,threshold_mode,n_runs,macro_f1_mean,macro_f1_std,micro_f1_mean,micro_f1_std,macro_precision_mean,macro_precision_std,macro_recall_mean,macro_recall_std,micro_precision_mean,micro_precision_std,micro_recall_mean,micro_recall_std,hamming_loss_mean,hamming_loss_std
A_standard,validation,fixed,1,0.20245659219908266,,0.37598699489084997,,0.5571100475979718,,0.1435693813305786,,0.725358422939068,,0.2537617554858934,,0.035372018324469484,
A_standard,validation,global,1,0.40935080629084103,,0.5100201588995612,,0.45776061545254626,,0.44545370653882727,,0.4101659355330917,,0.6741379310344827,,0.05439418672002527,
A_standard,validation,tuned,1,0.4390744721879396,,0.5427498957319616,,0.5407602426382996,,0.4513031448779508,,0.4876342742942793,,0.6119122257053291,,0.04329682481175293,
A_balanced,validation,fixed,1,0.456249192990485,,0.5099418040737148,,0.3857512433795449,,0.5801412052257992,,0.41577698695136417,,0.6592476489028213,,0.05320941498604602,
A_balanced,validation,global,1,0.4659842302987906,,0.5176091768967599,,0.41422280629588937,,0.5470089625800525,,0.4524451741526915,,0.6047021943573667,,0.04733163077247117,
A_balanced,validation,tuned,1,0.49005441495414503,,0.5466801482979441,,0.48736939125438855,,0.5218572926030725,,0.47959787108219987,,0.6355799373040752,,0.04426438839450266,
A_standard,test,fixed,1,0.1963388929689198,,0.3799577563952124,,0.6127935178597055,,0.13957777159209786,,0.7382580939352485,,0.2558066045188813,,0.03477322382795019,
A_standard,test,global,1,0.40956921822491754,,0.5047445040372488,,0.46309180877921813,,0.44757848106995,,0.4025192705395751,,0.676568178227208,,0.05529890231382769,
A_standard,test,tuned,1,0.41342564049086583,,0.532991760714533,,0.4383809360591571,,0.4361396460318777,,0.4743652945526251,,0.6081529467530415,,0.044387849114217275,
A_balanced,test,fixed,1,0.4440521085464578,,0.5023639954515531,,0.3776766318556427,,0.5695856367192618,,0.40433526011560694,,0.6631379364828567,,0.05471978730685198,
A_balanced,test,global,1,0.4530270446449158,,0.5156706507304117,,0.4029457870253571,,0.5363283108639889,,0.44473714351162524,,0.6135250434507821,,0.04800073705546342,
A_balanced,test,tuned,1,0.4492635540487627,,0.5277389277389277,,0.4372357392424635,,0.4883420829043526,,0.45613631130554916,,0.6260072681308263,,0.04666482402800811,
B_bart_mnli,validation,fixed,1,0.10598249383546421,,0.10266455935712218,,0.06523675926137061,,0.8935912737720759,,0.05525603239642489,,0.722884012539185,,0.5306592596493076,
B_bart_mnli,validation,global,1,0.15019517131575164,,0.14666666666666667,,0.0997771602072146,,0.7635110951353716,,0.08392574145347521,,0.5810344827586207,,0.2839239639829393,
B_bart_mnli,validation,tuned,1,0.1632719459415091,,0.17617264919621228,,0.09897431623947081,,0.7903129721091303,,0.09976720984369804,,0.7523510971786834,,0.29548207045442576,
B_bart_mnli,test,fixed,1,0.1034900378662932,,0.10075050664766275,,0.06346497257790949,,0.8935044460870895,,0.054194568563796015,,0.7148048664875968,,0.5314564742425439,
B_bart_mnli,test,global,1,0.14729825936115856,,0.1449217740492615,,0.09597878022465037,,0.7613963613504653,,0.08288988948014736,,0.5759203665665982,,0.2830622022164311,
B_bart_mnli,test,tuned,1,0.16088098292282968,,0.1751840983334256,,0.09724804537184191,,0.7872479550995176,,0.09917666234797509,,0.7498814978669616,,0.2941048724630814,
C_bert,validation,fixed,3,0.4712626388384644,0.006639891641016094,0.5806802056278192,0.004164738432788185,0.5515272242092534,0.027392898935689174,0.4291063983236416,0.0017201196899393873,0.6397677298392047,0.00880059306027421,0.5316091954022988,0.0014135579162454321,0.032243343338072425,0.0004962516318668138
C_bert,validation,global,3,0.49753317143154524,0.005176055982998296,0.5857582976004637,0.005482518255945795,0.4824642301983893,0.027545385680197876,0.530333827418512,0.026825780825476295,0.5482529001186923,0.031257017590455856,0.6312957157784744,0.030906504964939657,0.03752874168465765,0.002710311372535439
C_bert,validation,tuned,3,0.5289591446222127,0.005978090500334441,0.5993046926151618,0.0016095854189774228,0.541305271243407,0.017341426867665894,0.5434393090394809,0.0037894540823179275,0.5558966299983381,0.005052224691052611,0.6501567398119122,0.007346734573829412,0.03650852158039773,0.00039058516861449795
C_bert,test,fixed,3,0.4720009053518363,0.0045235019742136525,0.5819819304659027,0.004040227679406021,0.5577788738492847,0.025545750461114083,0.4299531145236064,0.0032585294731215936,0.6420783484545458,0.006242596575825968,0.5322062463791015,0.005474139211495125,0.03184255091386103,0.0003436146121236876
C_bert,test,global,3,0.49285711793654347,0.00843281949491773,0.5847715111205486,0.007235145362230272,0.4883856309315872,0.011725293938162127,0.5275160050429752,0.023083054198727432,0.5440036200150872,0.030977176985309204,0.634486754094907,0.02857551800470149,0.0375678924600981,0.002748751470501316
C_bert,test,tuned,3,0.5037520107853108,0.00968156453132646,0.5900006206642413,0.0028507239058385477,0.5207000089019704,0.011459066989369486,0.5213981828992823,0.007096911294333662,0.5446295949871174,0.003785650568688644,0.6436509190498763,0.005391425020586932,0.03725859239955426,0.00033815166204609874
C_roberta,validation,fixed,3,0.4234405536162597,0.010773462340977149,0.5767046231031223,0.0032993063555676336,0.5912911059122926,0.0025378854964928617,0.368513370881771,0.010480015232783253,0.7084766373821937,0.004036674193539105,0.4863113897596656,0.006550024027842667,0.029976918891404702,1.0054270652229519e-05
C_roberta,validation,global,3,0.47926695991919965,0.008370171196926023,0.5982541973291801,0.013465287671283898,0.44609491114601124,0.028960587697049067,0.5491731289862803,0.039062760458846664,0.5252261645827213,0.04327053294102512,0.7001567398119123,0.04110977810686784,0.03960867428431011,0.004563252960698961
C_roberta,validation,tuned,3,0.5072386210247944,0.017981181733362796,0.6144455963162796,0.004704519296082331,0.5240927248832827,0.045321980650208746,0.5229937092415978,0.005675882293186604,0.5658237039898397,0.014770318703641636,0.6726227795193312,0.01031906801999022,0.035457585171923545,0.0012173618092333619
C_roberta,test,fixed,3,0.42194304016749634,0.008809523515012713,0.5803436101429083,0.0008783262888517556,0.5674000574876811,0.0031937143377157654,0.3740483085255251,0.006952213382276106,0.7114609292639642,0.006181803790749436,0.49007215463211673,0.004078595859598528,0.029519510033606217,0.00014720137469449718
C_roberta,test,global,3,0.4696525096381192,0.009154907649739709,0.5940048626007194,0.015758362311774653,0.4331119606068785,0.029213376622660353,0.5466205674705217,0.032279679097200344,0.5164138685482058,0.04310509502487224,0.7040606730921156,0.0373137691338479,0.04022436319285407,0.004783556948672364
C_roberta,test,tuned,3,0.4872008791627587,0.015562132290002995,0.6048471900920097,0.005665924168263003,0.4997361013820523,0.0411955393576069,0.5138807470304673,0.0042629352864071105,0.5517309672769742,0.015704061367804664,0.669721388318323,0.009450278534726677,0.036460115647512,0.001366003825463333
C_distilbert,validation,fixed,3,0.40640857409979203,0.006018045032586032,0.5711592002700326,0.003835719770291996,0.5801084090868049,0.004626388074691506,0.34545358772156803,0.005103615545101275,0.7088425111953779,0.004298873931769763,0.47826541274817136,0.0036602465805928974,0.030159022694960774,0.0002511556003941197
C_distilbert,validation,global,3,0.47493366054097935,0.008144110185000636,0.5867971125475605,0.007559075001317014,0.47123933188505535,0.027514608387239212,0.5517426907506738,0.02732671992788027,0.5000360800826896,0.02416408617675456,0.7119644723092998,0.025747983063278187,0.04214715742544714,0.002762949430841532
C_distilbert,validation,tuned,3,0.5077339838806688,0.00712336327312866,0.6019176396069937,0.002088838506157944,0.5216834537395371,0.00841737468828028,0.5308256905587544,0.011631362519133976,0.5507358949712771,0.008156014735826863,0.6637408568443051,0.00701195363419338,0.03687053516578028,0.0006870721885598686
C_distilbert,test,fixed,3,0.41155612375892686,0.0035380058883698507,0.5731198857889845,0.0016900940701506746,0.591203819097452,0.004950535024715079,0.3535044882783082,0.0027176919310425035,0.712432049329922,0.0025388874833517233,0.4793806288513193,0.0014043599964157878,0.029743259013574105,0.00012698373773466307
C_distilbert,test,global,3,0.4645781449719333,0.004486829299787547,0.5836364854604015,0.009576112359365306,0.431650522797921,0.01751182953130964,0.5504698865622638,0.023967134937016406,0.49167453002670025,0.024766539208545997,0.7198082898825512,0.02253263116170961,0.04282818710679407,0.0029730306990961588
C_distilbert,test,tuned,3,0.48663247391555725,0.00933806413029304,0.593544451189128,0.004747926404509075,0.49897605059124556,0.008190370895064088,0.5179084837027869,0.009038896264823786,0.5384512294073399,0.010317774448948668,0.6613472375836099,0.0038095836772581294,0.03773241376889802,0.000957606355765791
