method,architecture,split,label,train_support,before,after,status,n_seeds,validation_calibrated,evaluation_support,before_f1_mean,after_f1_mean,delta_f1_mean
A,tfidf_lr,validation,grief,77,standard_fixed,balanced_tuned,ok,,True,13.0,0.0,0.4375,0.4375
A,tfidf_lr,validation,pride,111,standard_fixed,balanced_tuned,ok,,True,15.0,0.0,0.6086956521739131,0.6086956521739131
A,tfidf_lr,validation,relief,153,standard_fixed,balanced_tuned,ok,,True,18.0,0.0,0.17391304347826086,0.17391304347826086
A,tfidf_lr,validation,nervousness,164,standard_fixed,balanced_tuned,ok,,True,21.0,0.0,0.3125,0.3125
A,tfidf_lr,validation,embarrassment,303,standard_fixed,balanced_tuned,ok,,True,35.0,0.10810810810810811,0.5507246376811594,0.4426165295730513
C,bert,validation,grief,77,fixed,tuned,missing,0.0,True,,,,
C,bert,validation,pride,111,fixed,tuned,missing,0.0,True,,,,
C,bert,validation,relief,153,fixed,tuned,missing,0.0,True,,,,
C,bert,validation,nervousness,164,fixed,tuned,missing,0.0,True,,,,
C,bert,validation,embarrassment,303,fixed,tuned,missing,0.0,True,,,,
C,roberta,validation,grief,77,fixed,tuned,missing,0.0,True,,,,
C,roberta,validation,pride,111,fixed,tuned,missing,0.0,True,,,,
C,roberta,validation,relief,153,fixed,tuned,missing,0.0,True,,,,
C,roberta,validation,nervousness,164,fixed,tuned,missing,0.0,True,,,,
C,roberta,validation,embarrassment,303,fixed,tuned,missing,0.0,True,,,,
C,distilbert,validation,grief,77,fixed,tuned,missing,0.0,True,,,,
C,distilbert,validation,pride,111,fixed,tuned,missing,0.0,True,,,,
C,distilbert,validation,relief,153,fixed,tuned,missing,0.0,True,,,,
C,distilbert,validation,nervousness,164,fixed,tuned,missing,0.0,True,,,,
C,distilbert,validation,embarrassment,303,fixed,tuned,missing,0.0,True,,,,
A,tfidf_lr,test,grief,77,standard_fixed,balanced_tuned,missing,,False,,,,
A,tfidf_lr,test,pride,111,standard_fixed,balanced_tuned,missing,,False,,,,
A,tfidf_lr,test,relief,153,standard_fixed,balanced_tuned,missing,,False,,,,
A,tfidf_lr,test,nervousness,164,standard_fixed,balanced_tuned,missing,,False,,,,
A,tfidf_lr,test,embarrassment,303,standard_fixed,balanced_tuned,missing,,False,,,,
C,bert,test,grief,77,fixed,tuned,missing,0.0,False,,,,
C,bert,test,pride,111,fixed,tuned,missing,0.0,False,,,,
C,bert,test,relief,153,fixed,tuned,missing,0.0,False,,,,
C,bert,test,nervousness,164,fixed,tuned,missing,0.0,False,,,,
C,bert,test,embarrassment,303,fixed,tuned,missing,0.0,False,,,,
C,roberta,test,grief,77,fixed,tuned,missing,0.0,False,,,,
C,roberta,test,pride,111,fixed,tuned,missing,0.0,False,,,,
C,roberta,test,relief,153,fixed,tuned,missing,0.0,False,,,,
C,roberta,test,nervousness,164,fixed,tuned,missing,0.0,False,,,,
C,roberta,test,embarrassment,303,fixed,tuned,missing,0.0,False,,,,
C,distilbert,test,grief,77,fixed,tuned,missing,0.0,False,,,,
C,distilbert,test,pride,111,fixed,tuned,missing,0.0,False,,,,
C,distilbert,test,relief,153,fixed,tuned,missing,0.0,False,,,,
C,distilbert,test,nervousness,164,fixed,tuned,missing,0.0,False,,,,
C,distilbert,test,embarrassment,303,fixed,tuned,missing,0.0,False,,,,
